ingrediente,mae,rmse,mape,sesgo
harina,104063.51237449209,134865.44467601457,10.830427757027836,1550.6065148895018
agua,55563.96535196513,72563.67926870032,9.513783712377029,-24202.720015448867
leche,21882.379317426134,29804.058273929993,15.468706676478657,-18504.040421600428
levadura,1749.7181449975408,2262.6655967731776,10.589105731593735,-64.08223030292615
sal,1546.1662552317077,2041.3124842092927,9.978145628984294,-359.87368902874897
manteca,12179.247204880681,16493.907165371464,13.530192353213803,-5426.864050743857
azucar,6534.235661682549,8696.942330889535,17.754149645020718,-5681.589109588256
chocolate,14060.04236657173,18519.576782024556,15.467697447484063,-11959.293771413048
